<typo name="Arial" textureType="triangle" elementSize="128" charSize="106.66666666666666" nbX="16" nbY="3">
  <char id="1" width="22.95" height="28.05"><![CDATA[a]]></char>
  <char id="0" width="22.099999999999998" height="37.4"><![CDATA[b]]></char>
  <char id="3" width="22.099999999999998" height="28.05"><![CDATA[c]]></char>
  <char id="2" width="22.099999999999998" height="37.4"><![CDATA[d]]></char>
  <char id="5" width="22.95" height="28.05"><![CDATA[e]]></char>
  <char id="4" width="13.6" height="36.55"><![CDATA[f]]></char>
  <char id="7" width="22.95" height="37.4"><![CDATA[g]]></char>
  <char id="6" width="21.25" height="36.55"><![CDATA[h]]></char>
  <char id="9" width="4.25" height="36.55"><![CDATA[i]]></char>
  <char id="8" width="7.6499999999999995" height="46.75"><![CDATA[j]]></char>
  <char id="11" width="21.25" height="36.55"><![CDATA[k]]></char>
  <char id="10" width="4.25" height="36.55"><![CDATA[l]]></char>
  <char id="13" width="34.85" height="27.2"><![CDATA[m]]></char>
  <char id="12" width="21.25" height="27.2"><![CDATA[n]]></char>
  <char id="15" width="23.8" height="28.05"><![CDATA[o]]></char>
  <char id="14" width="22.099999999999998" height="37.4"><![CDATA[p]]></char>
  <char id="17" width="22.099999999999998" height="37.4"><![CDATA[q]]></char>
  <char id="16" width="13.6" height="27.2"><![CDATA[r]]></char>
  <char id="19" width="20.4" height="28.05"><![CDATA[s]]></char>
  <char id="18" width="11.9" height="35.699999999999996"><![CDATA[t]]></char>
  <char id="21" width="20.4" height="27.2"><![CDATA[u]]></char>
  <char id="20" width="22.95" height="26.349999999999998"><![CDATA[v]]></char>
  <char id="23" width="34.85" height="26.349999999999998"><![CDATA[w]]></char>
  <char id="22" width="23.8" height="26.349999999999998"><![CDATA[x]]></char>
  <char id="25" width="22.099999999999998" height="36.55"><![CDATA[y]]></char>
  <char id="24" width="22.95" height="26.349999999999998"><![CDATA[z]]></char>
  <char id="27" width="32.3" height="36.55"><![CDATA[A]]></char>
  <char id="26" width="26.349999999999998" height="36.55"><![CDATA[B]]></char>
  <char id="29" width="31.45" height="38.25"><![CDATA[C]]></char>
  <char id="28" width="28.9" height="36.55"><![CDATA[D]]></char>
  <char id="31" width="26.349999999999998" height="36.55"><![CDATA[E]]></char>
  <char id="30" width="24.65" height="36.55"><![CDATA[F]]></char>
  <char id="33" width="33.15" height="38.25"><![CDATA[G]]></char>
  <char id="32" width="28.05" height="36.55"><![CDATA[H]]></char>
  <char id="35" width="4.25" height="36.55"><![CDATA[I]]></char>
  <char id="34" width="19.55" height="37.4"><![CDATA[J]]></char>
  <char id="37" width="28.9" height="36.55"><![CDATA[K]]></char>
  <char id="36" width="21.25" height="36.55"><![CDATA[L]]></char>
  <char id="39" width="33.15" height="36.55"><![CDATA[M]]></char>
  <char id="38" width="28.05" height="36.55"><![CDATA[N]]></char>
  <char id="41" width="34.85" height="38.25"><![CDATA[O]]></char>
  <char id="40" width="27.2" height="36.55"><![CDATA[P]]></char>
  <char id="43" width="34.85" height="39.949999999999996"><![CDATA[Q]]></char>
  <char id="42" width="31.45" height="36.55"><![CDATA[R]]></char>
  <char id="45" width="28.05" height="38.25"><![CDATA[S]]></char>
  <char id="44" width="28.9" height="36.55"><![CDATA[T]]></char>
  <char id="47" width="28.05" height="37.4"><![CDATA[U]]></char>
  <char id="46" width="32.3" height="36.55"><![CDATA[V]]></char>
  <char id="49" width="49.3" height="36.55"><![CDATA[W]]></char>
  <char id="48" width="31.45" height="36.55"><![CDATA[X]]></char>
  <char id="51" width="32.3" height="36.55"><![CDATA[Y]]></char>
  <char id="50" width="28.05" height="36.55"><![CDATA[Z]]></char>
  <char id="53" width="22.95" height="36.55"><![CDATA[?]]></char>
  <char id="52" width="4.25" height="11.9"><![CDATA[,]]></char>
  <char id="55" width="4.25" height="33.15"><![CDATA[;]]></char>
  <char id="54" width="4.25" height="4.25"><![CDATA[.]]></char>
  <char id="57" width="4.25" height="26.349999999999998"><![CDATA[:]]></char>
  <char id="56" width="12.75" height="36.55"><![CDATA[/]]></char>
  <char id="59" width="5.1" height="36.55"><![CDATA[!]]></char>
  <char id="58" width="29.75" height="37.4"><![CDATA[&]]></char>
  <char id="61" width="22.95" height="38.25"><![CDATA[é]]></char>
  <char id="60" width="4.25" height="12.75"><![CDATA[']]></char>
  <char id="63" width="13.6" height="46.75"><![CDATA[{]]></char>
  <char id="62" width="11.049999999999999" height="46.75"><![CDATA[(]]></char>
  <char id="65" width="8.5" height="46.75"><![CDATA[[]]></char>
  <char id="64" width="13.6" height="4.25"><![CDATA[-]]></char>
  <char id="67" width="2.55" height="47.6"><![CDATA[|]]></char>
  <char id="66" width="22.95" height="38.25"><![CDATA[è]]></char>
  <char id="69" width="28.05" height="4.25"><![CDATA[_]]></char>
  <char id="68" width="22.099999999999998" height="38.25"><![CDATA[ç]]></char>
  <char id="71" width="22.95" height="38.25"><![CDATA[ê]]></char>
  <char id="70" width="22.95" height="38.25"><![CDATA[à]]></char>
  <char id="73" width="45.9" height="47.6"><![CDATA[@]]></char>
  <char id="72" width="11.049999999999999" height="46.75"><![CDATA[)]]></char>
  <char id="75" width="9.35" height="46.75"><![CDATA[]]]></char>
  <char id="74" width="22.95" height="15.299999999999999"><![CDATA[=]]></char>
  <char id="77" width="13.6" height="46.75"><![CDATA[}]]></char>
  <char id="76" width="23.8" height="24.65"><![CDATA[+]]></char>
  <char id="79" width="16.15" height="14.45"><![CDATA[*]]></char>
  <char id="78" width="22.95" height="35.699999999999996"><![CDATA[0]]></char>
  <char id="81" width="12.75" height="35.699999999999996"><![CDATA[1]]></char>
  <char id="80" width="23.8" height="35.699999999999996"><![CDATA[2]]></char>
  <char id="83" width="22.95" height="35.699999999999996"><![CDATA[3]]></char>
  <char id="82" width="24.65" height="35.699999999999996"><![CDATA[4]]></char>
  <char id="85" width="22.95" height="35.699999999999996"><![CDATA[5]]></char>
  <char id="84" width="22.95" height="35.699999999999996"><![CDATA[6]]></char>
  <char id="87" width="22.95" height="35.699999999999996"><![CDATA[7]]></char>
  <char id="86" width="22.95" height="35.699999999999996"><![CDATA[8]]></char>
  <char id="89" width="22.95" height="35.699999999999996"><![CDATA[9]]></char>
  <char id="88" width="12.75" height="12.75"><![CDATA["]]></char>
  <char id="91" width="24.177777777777777" height="24.177777777777777"><![CDATA[ ]]></char>
</typo>