<typo name="Frutiger LT Std 47 Light Cn" textureType="triangle" elementSize="256" charSize="213.33333333333331" nbX="8" nbY="6">
  <char id="1" width="44.82" height="68.89"><![CDATA[a]]></char>
  <char id="0" width="47.309999999999995" height="100.42999999999999"><![CDATA[b]]></char>
  <char id="3" width="40.669999999999995" height="68.89"><![CDATA[c]]></char>
  <char id="2" width="47.309999999999995" height="100.42999999999999"><![CDATA[d]]></char>
  <char id="5" width="44.82" height="68.89"><![CDATA[e]]></char>
  <char id="4" width="31.54" height="101.25999999999999"><![CDATA[f]]></char>
  <char id="7" width="47.309999999999995" height="97.11"><![CDATA[g]]></char>
  <char id="6" width="43.16" height="99.6"><![CDATA[h]]></char>
  <char id="9" width="9.129999999999999" height="94.61999999999999"><![CDATA[i]]></char>
  <char id="8" width="18.259999999999998" height="123.66999999999999"><![CDATA[j]]></char>
  <char id="11" width="45.65" height="99.6"><![CDATA[k]]></char>
  <char id="10" width="7.47" height="99.6"><![CDATA[l]]></char>
  <char id="13" width="73.03999999999999" height="68.06"><![CDATA[m]]></char>
  <char id="12" width="43.16" height="68.06"><![CDATA[n]]></char>
  <char id="15" width="49.8" height="68.89"><![CDATA[o]]></char>
  <char id="14" width="47.309999999999995" height="96.28"><![CDATA[p]]></char>
  <char id="17" width="47.309999999999995" height="96.28"><![CDATA[q]]></char>
  <char id="16" width="24.9" height="68.06"><![CDATA[r]]></char>
  <char id="19" width="36.519999999999996" height="68.89"><![CDATA[s]]></char>
  <char id="18" width="31.54" height="83.83"><![CDATA[t]]></char>
  <char id="21" width="43.989999999999995" height="68.06"><![CDATA[u]]></char>
  <char id="20" width="48.14" height="67.22999999999999"><![CDATA[v]]></char>
  <char id="23" width="82.17" height="67.22999999999999"><![CDATA[w]]></char>
  <char id="22" width="48.14" height="67.22999999999999"><![CDATA[x]]></char>
  <char id="25" width="45.65" height="96.28"><![CDATA[y]]></char>
  <char id="24" width="40.669999999999995" height="67.22999999999999"><![CDATA[z]]></char>
  <char id="27" width="69.72" height="92.13"><![CDATA[A]]></char>
  <char id="26" width="47.309999999999995" height="92.13"><![CDATA[B]]></char>
  <char id="29" width="55.61" height="94.61999999999999"><![CDATA[C]]></char>
  <char id="28" width="57.269999999999996" height="92.13"><![CDATA[D]]></char>
  <char id="31" width="40.669999999999995" height="92.13"><![CDATA[E]]></char>
  <char id="30" width="37.35" height="92.13"><![CDATA[F]]></char>
  <char id="33" width="61.419999999999995" height="94.61999999999999"><![CDATA[G]]></char>
  <char id="32" width="52.29" height="92.13"><![CDATA[H]]></char>
  <char id="35" width="7.47" height="92.13"><![CDATA[I]]></char>
  <char id="34" width="24.9" height="92.96"><![CDATA[J]]></char>
  <char id="37" width="54.779999999999994" height="92.13"><![CDATA[K]]></char>
  <char id="36" width="38.18" height="92.13"><![CDATA[L]]></char>
  <char id="39" width="76.36" height="92.13"><![CDATA[M]]></char>
  <char id="38" width="57.269999999999996" height="92.13"><![CDATA[N]]></char>
  <char id="41" width="65.57" height="94.61999999999999"><![CDATA[O]]></char>
  <char id="40" width="45.65" height="92.13"><![CDATA[P]]></char>
  <char id="43" width="65.57" height="110.39"><![CDATA[Q]]></char>
  <char id="42" width="50.629999999999995" height="92.13"><![CDATA[R]]></char>
  <char id="45" width="43.16" height="94.61999999999999"><![CDATA[S]]></char>
  <char id="44" width="51.46" height="92.13"><![CDATA[T]]></char>
  <char id="47" width="54.779999999999994" height="92.96"><![CDATA[U]]></char>
  <char id="46" width="63.91" height="92.13"><![CDATA[V]]></char>
  <char id="49" width="99.6" height="92.13"><![CDATA[W]]></char>
  <char id="48" width="65.57" height="92.13"><![CDATA[X]]></char>
  <char id="51" width="53.12" height="92.13"><![CDATA[Y]]></char>
  <char id="50" width="48.97" height="92.13"><![CDATA[Z]]></char>
  <char id="53" width="37.35" height="93.78999999999999"><![CDATA[?]]></char>
  <char id="52" width="15.77" height="29.049999999999997"><![CDATA[,]]></char>
  <char id="55" width="15.77" height="84.66"><![CDATA[;]]></char>
  <char id="54" width="9.959999999999999" height="12.45"><![CDATA[.]]></char>
  <char id="57" width="9.959999999999999" height="67.22999999999999"><![CDATA[:]]></char>
  <char id="56" width="30.709999999999997" height="94.61999999999999"><![CDATA[/]]></char>
  <char id="59" width="9.959999999999999" height="92.13"><![CDATA[!]]></char>
  <char id="58" width="66.39999999999999" height="94.61999999999999"><![CDATA[&]]></char>
  <char id="61" width="44.82" height="97.11"><![CDATA[é]]></char>
  <char id="60" width="7.47" height="29.049999999999997"><![CDATA[']]></char>
  <char id="63" width="26.56" height="118.69"><![CDATA[{]]></char>
  <char id="62" width="23.24" height="118.69"><![CDATA[(]]></char>
  <char id="65" width="16.599999999999998" height="118.69"><![CDATA[[]]></char>
  <char id="64" width="26.56" height="7.47"><![CDATA[-]]></char>
  <char id="67" width="6.64" height="132.79999999999998"><![CDATA[|]]></char>
  <char id="66" width="44.82" height="97.11"><![CDATA[è]]></char>
  <char id="69" width="66.39999999999999" height="6.64"><![CDATA[_]]></char>
  <char id="68" width="40.669999999999995" height="94.61999999999999"><![CDATA[ç]]></char>
  <char id="71" width="44.82" height="97.11"><![CDATA[ê]]></char>
  <char id="70" width="44.82" height="97.11"><![CDATA[à]]></char>
  <char id="73" width="94.61999999999999" height="94.61999999999999"><![CDATA[@]]></char>
  <char id="72" width="24.07" height="118.69"><![CDATA[)]]></char>
  <char id="75" width="16.599999999999998" height="118.69"><![CDATA[]]]></char>
  <char id="74" width="66.39999999999999" height="32.37"><![CDATA[=]]></char>
  <char id="77" width="27.389999999999997" height="118.69"><![CDATA[}]]></char>
  <char id="76" width="66.39999999999999" height="67.22999999999999"><![CDATA[+]]></char>
  <char id="79" width="40.669999999999995" height="42.33"><![CDATA[*]]></char>
  <char id="78" width="50.629999999999995" height="94.61999999999999"><![CDATA[0]]></char>
  <char id="81" width="24.07" height="92.13"><![CDATA[1]]></char>
  <char id="80" width="45.65" height="93.78999999999999"><![CDATA[2]]></char>
  <char id="83" width="46.48" height="94.61999999999999"><![CDATA[3]]></char>
  <char id="82" width="55.61" height="92.13"><![CDATA[4]]></char>
  <char id="85" width="44.82" height="92.96"><![CDATA[5]]></char>
  <char id="84" width="50.629999999999995" height="94.61999999999999"><![CDATA[6]]></char>
  <char id="87" width="45.65" height="92.13"><![CDATA[7]]></char>
  <char id="86" width="51.46" height="94.61999999999999"><![CDATA[8]]></char>
  <char id="89" width="50.629999999999995" height="94.61999999999999"><![CDATA[9]]></char>
  <char id="88" width="25.73" height="29.049999999999997"><![CDATA["]]></char>
  <char id="91" width="47.217777777777776" height="47.217777777777776"><![CDATA[ ]]></char>
</typo>